{
  "mean": [
    3.8192182410423454,
    120.90879478827361,
    69.44299674267101,
    20.77687296416938,
    78.66612377850163,
    31.973289902280115,
    0.47742833876221474,
    33.36644951140065
  ],
  "scale": [
    3.3114482165863706,
    31.535381414498357,
    18.387588970636795,
    15.843515694762367,
    107.6488028180856,
    7.854959838378326,
    0.3300311907747674,
    11.823797902547419
  ],
  "feature_names": [
    "Pregnancies",
    "Glucose",
    "BloodPressure",
    "SkinThickness",
    "Insulin",
    "BMI",
    "DiabetesPedigree",
    "Age",
    "Outcome"
  ]
}